<?xml version="1.0" encoding="UTF-8"?>
<ti:app xmlns:ti="http://ti.appcelerator.org">
    <id>co.kommit.gtmdemo</id>
    <name>GTM Demo</name>
    <version>1.0</version>
    <publisher>not specified</publisher>
    <url>www.kommit.co</url>
    <description></description>
    <copyright>not specified</copyright>
    <icon>appicon.png</icon>
    <fullscreen>false</fullscreen>
    <navbar-hidden>false</navbar-hidden>
    <analytics>true</analytics>
    <guid>f1fe5055-fd53-4d7a-bb5c-f63d3d272148</guid>
    <property name="ti.ui.defaultunit" type="string">dp</property>
    <ios>
        <plist>
            <dict>
                <key>UISupportedInterfaceOrientations~iphone</key>
                <array>
                    <string>UIInterfaceOrientationPortrait</string>
                </array>
                <key>UISupportedInterfaceOrientations~ipad</key>
                <array>
                    <string>UIInterfaceOrientationPortrait</string>
                    <string>UIInterfaceOrientationPortraitUpsideDown</string>
                    <string>UIInterfaceOrientationLandscapeLeft</string>
                    <string>UIInterfaceOrientationLandscapeRight</string>
                </array>
                <key>UIRequiresPersistentWiFi</key>
                <false/>
                <key>UIPrerenderedIcon</key>
                <false/>
                <key>UIStatusBarHidden</key>
                <false/>
                <key>UIStatusBarStyle</key>
                <string>UIStatusBarStyleDefault</string>
            </dict>
        </plist>
    </ios>
    <android xmlns:android="http://schemas.android.com/apk/res/android">
    </android>
    <mobileweb/>
    <modules>
        <module platform="android" version="0.0.1">co.kommit.gtm</module>
        <module platform="iphone" version="0.0.1">co.kommit.gtm</module>
    </modules>
    <deployment-targets>
        <target device="android">true</target>
        <target device="blackberry">false</target>
        <target device="ipad">false</target>
        <target device="iphone">true</target>
        <target device="mobileweb">false</target>
    </deployment-targets>
    <sdk-version>3.5.0.GA</sdk-version>
</ti:app>
